specification,rho_hat,se(rho),sigma^2,POR (beta_01),decision
linear trend,0.9156550927657604,0.02411477140113853,0.8499817649560318,43578.93390483078,unit root
trend + aug(order 1),0.9125137280749138,0.024673336332227992,0.8518611673506692,0.11856601759706543,trend stationary
trend + aug(order 2),0.9136300668802572,0.02524657332459556,0.8547705568840499,0.12535289449853174,trend stationary
