unit,MAP_rank,P(r=0),P(r=1),P(r=2)
France,1,1.7077424091822896e-11,0.9999545368017858,4.546318113748198e-05
Germany,0,0.9999358368686356,6.414801526884407e-05,1.5116095483544698e-08
UK,1,0.0016873715766041308,0.9933312318424838,0.004981396580911944
